{
  "0": 0.6000000000000002,
  "1": 0.6500000000000001,
  "2": 0.8500000000000002,
  "3": 0.7000000000000002,
  "4": 0.7500000000000002,
  "5": 0.6500000000000001,
  "6": 0.7000000000000002,
  "7": 0.6000000000000002,
  "8": 0.6000000000000002,
  "9": 0.7000000000000002,
  "10": 0.6000000000000002,
  "11": 0.6000000000000002,
  "12": 0.6000000000000002,
  "13": 0.7500000000000002,
  "14": 0.6000000000000002,
  "15": 0.6000000000000002,
  "16": 0.6000000000000002,
  "17": 0.7500000000000002,
  "18": 0.6000000000000002,
  "19": 0.6000000000000002,
  "20": 0.7000000000000002,
  "21": 0.5500000000000002,
  "22": 0.6000000000000002,
  "23": 0.5000000000000001,
  "24": 0.5500000000000002,
  "25": 0.6000000000000002,
  "26": 0.6500000000000001
}