{
  "0": 0.7200000000000002,
  "1": 0.6000000000000002,
  "2": 0.09000000000000001,
  "3": 0.44000000000000006,
  "4": 0.7400000000000002,
  "5": 0.6300000000000001,
  "6": 0.6100000000000001,
  "7": 0.6300000000000001,
  "8": 0.6400000000000001,
  "9": 0.6100000000000001,
  "10": 0.5700000000000002,
  "11": 0.7100000000000002,
  "12": 0.5800000000000002,
  "13": 0.05,
  "14": 0.6500000000000001,
  "15": 0.4000000000000001,
  "16": 0.6400000000000001,
  "17": 0.8800000000000002,
  "18": 0.6000000000000002,
  "19": 0.6800000000000002,
  "20": 0.7400000000000002,
  "21": 0.5500000000000002,
  "22": 0.6200000000000001,
  "23": 0.5600000000000002,
  "24": 0.5900000000000002,
  "25": 0.44000000000000006,
  "26": 0.05
}